{"config": 1776069873.7967045, "chat": 1776070068.2465436}