{"chat": 1775787200.2136152, "config": 1775787200.221148}