{"config": 1775277427.231077, "chat": 1775281941.2265224}