{"chat": 1775369719.1651661, "config": 1775369198.1788871}