{"config": 1774969282.209049, "chat": 1774969282.609642}