{"config": 1775275821.2398412, "chat": 1775275821.2056181}