{"chat": 1775470807.0323725, "config": 1775468422.2097235}