{"config": 1775289581.8912578, "chat": 1775290050.3968873}