{"config": 1774855392.0127668, "chat": 1774855392.0302882}