{"chat": 1775543152.2652113, "config": 1775542109.4450173}