{"config": 1774773164.0219688, "chat": 1774777335.5537157}