{"chat": 1774725841.244076, "config": 1774725841.2470744}