{"chat": 1775577648.1961825, "config": 1775577592.2137141}