{"config": 1775296521.1674914, "chat": 1775312272.1094823}