{"chat": 1775543904.7604904, "config": 1775542109.4450173}