{"config": 1775296521.1674914, "chat": 1775354061.189485}