{"chat": 1775368728.7366798, "config": 1775368672.5190237}