{"chat": 1775527552.2104387, "config": 1775496782.9130976}