{"chat": 1775369601.1684709, "config": 1775369198.1788871}