{"chat": 1775486234.005283, "config": 1775486088.3233604}