{"chat": 1775480812.1986122, "config": 1775477572.2016118}