{"chat": 1774952091.2860394, "config": 1774952091.3479204}