{"chat": 1775543058.2068877, "config": 1775542109.4450173}