{"config": 1775183301.2130642, "chat": 1775183298.2380707}