{"config": 1774944471.3015301, "chat": 1774944471.334403}