{"config": 1775296521.1674914, "chat": 1775313642.7683344}