{"chat": 1775620587.1943169, "config": 1775620302.59887}