{"config": 1775290225.0636835, "chat": 1775290221.996337}