{"chat": 1775733178.2068782, "config": 1775733120.5920458}