{"config": 1774726081.2240922, "chat": 1774726081.2319307}