{"chat": 1774703145.2094157, "config": 1774703146.995179}