{"chat": 1775790379.1770697, "config": 1775790402.2400572}