{"chat": 1775369238.7483325, "config": 1775369198.1788871}