{"chat": 1775480107.40827, "config": 1775477572.2016118}