{"config": 1775185581.20849, "chat": 1775185600.7799327}