{"config": 1775185581.20849, "chat": 1775192680.942338}