{"config": 1774704086.2064047, "chat": 1774704084.8573592}