{"config": 1775277427.231077, "chat": 1775277520.2054207}