{"chat": 1775482972.197595, "config": 1775477572.2016118}