{"config": 1775271797.198857, "chat": 1775271789.2071977}