{"chat": 1775715150.4970183, "config": 1775715152.836465}